epoch#, log10(loss), log10(val_loss)
0, 1.3684419982920477, 0.7664417221274331
1, 1.0576778936070095, 0.8714664315108455
2, 0.9302481412715333, 0.9954154419202169
3, 0.8568856070781967, 1.0097815947633795
4, 0.8222220223757749, 1.0027668886532575
5, 0.7723614839387403, 1.109308810774326
6, 0.726075144775813, 0.8862011791713628
7, 0.7054257471631767, 0.8780186008217787
8, 0.6829452164679163, 0.726861847253024
9, 0.6400340373367759, 0.6733747941383734
10, 0.6156571840077466, 0.4092963139069224
11, 0.5911061659557417, 0.3968554209132853
12, 0.5587119891837256, 0.1995287116946246
13, 0.5377948201094356, 0.223563112903348
14, 0.5123583197577801, 0.2208915922166465
15, 0.5153031214382515, 0.15622851373278931
16, 0.5159238727244762, 0.3215214699586117
17, 0.4738438704939667, 0.08371841520192254
18, 0.4567816953093843, 0.19486533878339765
19, 0.44146916922365276, 0.0752041080565803
20, 0.40111750754429976, -0.0009671922998626382
21, 0.39148018687998903, 0.04301431370684701
22, 0.3814990298637779, 0.11685425314121653
23, 0.3746755760952201, 0.02357845432461478
24, 0.36691528859234085, 0.1952476757715609
25, 0.35611848578260824, 0.00793697673916564
26, 0.3099306371131403, 0.04649875979477104
27, 0.31428821664261924, -0.005718496210917402
28, 0.293302513030705, -0.04387238376403288
29, 0.2748380060945449, -0.003354307016616471
30, 0.29044308298331933, -0.02691356702632
31, 0.2626264101311214, -0.1264252686002342
32, 0.26272285996733763, 0.09238576679638914
33, 0.26499604171705754, -0.1981143639597874
34, 0.20960701311651603, 0.024440829125826367
35, 0.25415912149810693, 0.1337735363048687
36, 0.2231900544056279, -0.10049466121888576
37, 0.17089155240705003, -0.10232283175050944
38, 0.18917493000423047, -0.15215092199000957
39, 0.16097194133135018, -0.040221130223520654
40, 0.13472359627930655, -0.09297660631158211
41, 0.14455716670007582, 0.04644684563819275
42, 0.14492951980414115, 0.010090260418922825
43, 0.16175374246328697, -0.19641637802630613
44, 0.10704607893049786, -0.10909054860252827
45, 0.10187531703401173, -0.2386199121448052
46, 0.10499052228328382, -0.058943877248392805
47, 0.10107915677117617, -0.20031403410088985
48, 0.05467493578273633, -0.10151989143686979
49, 0.06367341457080379, 0.0023562605904359807
50, 0.05485297119920051, -0.3390145151774541
51, 0.06323586928438656, -0.1389438359540891
52, 0.04816661457404296, -0.20994989851505536
53, 0.0206837897720875, -0.20392180348877711
54, 0.0186529515733506, -0.19184587074597376
55, -0.007397302350078952, -0.19103564190120864
56, 0.00621638794583108, -0.1521043667388016
57, 0.019876184237821146, 0.01141381830582274
58, 0.0175247790485925, -0.23529740052294587
59, 0.03800710857903125, -0.2842810132113216
60, -0.04816051713803862, -0.30993457606795216
61, -0.0018057487677542383, -0.09794645451509579
62, -0.024107367796795492, -0.3728856632429424
63, -0.0533453487253811, -0.152319547414738
64, -0.07742483627215539, -0.21090227313430446
65, -0.06723471976643379, -0.28187235701382224
66, -0.07300409647709868, -0.15523095470087722
67, -0.0634147661215195, -0.13853631066426753
68, -0.0857929574325959, -0.26822164222654743
69, -0.09126536385105698, -0.24920665910049836
70, -0.1032779476797361, -0.34503762728862736
71, -0.1076746911643887, -0.33056026836975705
72, -0.0867992290422733, -0.26719928489051936
73, -0.11649432275943171, -0.37304574115329986
74, -0.08888902153866506, -0.3661515409598217
75, -0.15668855172816884, -0.28712909269744996
76, -0.16824547603913997, -0.30592384642597814
77, -0.13993713594055657, -0.37073656673066646
78, -0.11438575390545264, -0.3894500647217953
79, -0.0897834054232242, -0.27395355348850836
80, -0.11708771234676038, -0.2545710547753322
81, -0.16609256342746745, -0.16948127999282467
82, -0.16430621488041894, -0.20010793997213427
83, -0.19699601831039307, -0.34675528527387023
84, -0.185675818411237, -0.45274972850629597
85, -0.1863025050522606, -0.3920922710081542
86, -0.21326664731298267, -0.5350353436840405
87, -0.23170846763253067, -0.29030098846542646
88, -0.22973210694970808, -0.314130011893698
89, -0.22453010729279563, -0.3135317544359896
90, -0.17405884818501166, -0.4233438018876626
91, -0.2773717669255227, -0.28191084959526497
92, -0.26325983577354856, -0.44955897324309524
93, -0.2840521315470331, -0.3602876714028667
94, -0.2858445751603828, -0.4286530679174106
95, -0.2963947247114129, -0.26320378957959917
96, -0.24894524503788448, -0.39880749787676095
97, -0.2725967431165117, -0.47623017785276295
98, -0.2984749192217638, -0.369603573139603
99, -0.3188225212085992, -0.42910324511791265
100, -0.30171674949718297, -0.46528776716481124
101, -0.2974047215765003, -0.26912810500348305
102, -0.2965989960841424, -0.3383087046971731
103, -0.23166919018557555, -0.37499799420702756
104, -0.30039351215695376, -0.47356201090934696
105, -0.30942920213828806, -0.4922062793336689
106, -0.36081490634989977, -0.4394893192351834
107, -0.3184244327697178, -0.08450451889879955
108, -0.3221985553913021, -0.45059974273111203
109, -0.3418261654226695, -0.3514001661982984
110, -0.3609179402005234, -0.4365436736133139
111, -0.3950061175223416, -0.30165305169080414
112, -0.3351645834770682, -0.3200137613740018
113, -0.38529866880663993, -0.38936392345643095
114, -0.359140768094453, -0.469090867165885
115, -0.4019079488957014, -0.4112299452987478
116, -0.393565889921622, -0.5386590457701339
117, -0.41200107997144975, -0.5054918075918349
118, -0.4309533212894211, -0.440183907416657
119, -0.3816550421893543, -0.49953917881639287
120, -0.4213008168625689, -0.4498211379026964
121, -0.44055774557359195, -0.48154680069542877
122, -0.43982022542844623, -0.33100339604421036
123, -0.4471283773893299, -0.572723563837289
124, -0.42734396817422093, -0.48587586218497886
125, -0.4267511583884076, -0.561832172983027
126, -0.43127659673176083, -0.36635296073720924
127, -0.41778710780301853, -0.5553519631944863
128, -0.4692523632453979, -0.5911039062930483
129, -0.46871579974275646, -0.4752339127631635
130, -0.4960459093648535, -0.565744910327646
131, -0.4404269119989202, -0.5406069916454961
132, -0.45325956216788255, -0.5109953420935156
133, -0.48972963438199413, -0.6302534499553814
134, -0.5022714518117499, -0.6399983778036756
135, -0.5144830527840742, -0.5357431459253023
136, -0.5246194190545785, -0.5634192510657043
137, -0.5450120241612726, -0.5200019913938543
138, -0.5519017529944108, -0.6134991311172678
139, -0.5536168330034827, -0.4792021702773367
140, -0.5560086598476834, -0.6209822395174414
141, -0.563802741859368, -0.5011858691386821
142, -0.5765207012781133, -0.59846824457918
143, -0.5367610889623173, -0.5564730503012447
144, -0.5274861492079324, -0.5542644164564072
145, -0.5436546739670132, -0.5562635751926159
146, -0.5894113599533723, -0.5656675841235763
147, -0.5734999533185265, -0.5893195477001288
148, -0.5880736563991396, -0.6330142869676837
149, -0.6064336566202868, -0.5592128725982795
150, -0.5940660838275145, -0.675912693414643
151, -0.615853860538411, -0.5250644212779594
152, -0.5955789084439311, -0.5682460431060274
153, -0.6033257163803724, -0.48808666808644596
154, -0.6184488653125265, -0.5686873224072151
155, -0.6158123642749821, -0.5831446601347274
156, -0.6616244477237488, -0.5598488951392346
157, -0.6291083919429277, -0.6300847388616727
158, -0.6622186796063368, -0.6180353830048463
159, -0.6290378435508647, -0.5189568610194506
160, -0.5906498039272947, -0.5425282324653746
161, -0.6587891207776555, -0.6403409470363326
162, -0.6803080264923772, -0.6106715955194026
163, -0.6725285097377426, -0.5273415407369305
164, -0.6844867713641583, -0.5823319033425594
165, -0.6794924074241924, -0.575616560356406
166, -0.663817151983091, -0.6529140281985906
167, -0.7158173824172122, -0.5155842307537515
168, -0.7077972670509598, -0.6690763939062152
169, -0.7109717749610539, -0.6872120308508017
170, -0.7098189412306847, -0.587982226720257
171, -0.6923348560973701, -0.5898726254783612
172, -0.7430841353372899, -0.5611631312500984
173, -0.74841784130098, -0.6285993838021149
174, -0.7220493388261753, -0.5812917972643523
175, -0.7345419002973819, -0.6407481311120962
176, -0.753899525357308, -0.5910880551695921
177, -0.7357133038238988, -0.5784439769719888
178, -0.7648070190882351, -0.7321866981480039
179, -0.7750615679464384, -0.6985003891777817
180, -0.757961715274234, -0.6546967275293173
181, -0.766159735923361, -0.7053602348192605
182, -0.7680156700065763, -0.6449675010694358
183, -0.8028685821618567, -0.6557720906770056
184, -0.7941529482170823, -0.6335238512016922
185, -0.8214935605572842, -0.678523634052906
186, -0.8159739161987586, -0.6908536955576352
187, -0.8390151576732288, -0.7004995071414841
188, -0.8379551289896628, -0.7365947285402724
189, -0.8368393627737054, -0.6393349771712012
190, -0.8458649997431505, -0.6703979139375128
191, -0.8526831139622135, -0.6524781288574368
192, -0.8572911947441852, -0.5773799172336125
193, -0.8450593357448348, -0.671420343866122
194, -0.8643802420221194, -0.6381288221441017
195, -0.879654153072907, -0.6588873899529124
196, -0.8829250267936153, -0.6882795116591736
197, -0.8919293457568738, -0.6813996676870594
198, -0.8842090555854392, -0.7225104898931998
199, -0.9021799104350159, -0.6961430548184152
200, -0.9166391843545473, -0.7135808850708285
201, -0.9267319047447986, -0.7196399532476242
202, -0.9271823051197541, -0.7015493810795419
203, -0.9169408832926667, -0.7346848595309659
204, -0.9406976473505966, -0.7689182427472464
205, -0.9478692965417831, -0.653213704531519
206, -0.9395883704180353, -0.6941140213309211
207, -0.9436295739054723, -0.7505708944178956
208, -0.957857507083473, -0.6981202491751375
209, -0.9422757737857952, -0.6629306885673661
210, -0.9330640530274666, -0.6387058218278725
211, -0.9688548324996964, -0.6979388904665679
212, -0.9889419276435658, -0.6836386913412328
213, -0.9874908085221713, -0.6789188185205867
214, -0.9835555521316868, -0.725200310114671
215, -0.9963973488805977, -0.8184646550418797
216, -1.0033283515509275, -0.7523230948144045
217, -1.0176432602732495, -0.7639186155410878
218, -1.010584439254604, -0.7275872211624321
219, -1.0188445390055105, -0.7380490275920039
220, -1.0149793481079763, -0.7477855728322702
221, -1.038798890240151, -0.6837472781763798
222, -1.0458295285561294, -0.6831307931169429
223, -1.0530081383543421, -0.7370975589387362
224, -1.0279455858281084, -0.6869108715757187
225, -1.0510903415226913, -0.7610964845031503
226, -1.0667309370477964, -0.7175608365781985
227, -1.0685381877506885, -0.7272931684423911
228, -1.075775076024796, -0.7045085211726901
229, -1.095610511344679, -0.7220805288390129
230, -1.0786244335649677, -0.7473370937541141
231, -1.0977659924992145, -0.7749041431970338
232, -1.0997999972589518, -0.7432075422499932
233, -1.1047303933853705, -0.676018935674776
234, -1.1217164668410455, -0.7271068411957138
235, -1.1118032759460437, -0.784392623016356
236, -1.1331935353621208, -0.7352810535111794
237, -1.1395239842354175, -0.6962950105801027
238, -1.134328593959218, -0.7105926960787631
239, -1.1355765267428515, -0.7843502009773297
240, -1.135064443162073, -0.7267248717240671
241, -1.1419898029799749, -0.7891526641663521
242, -1.162110463659476, -0.7720764598370462
243, -1.1706741594622811, -0.785830527115462
244, -1.1870637109859077, -0.7442429972823873
245, -1.1916393888044357, -0.7331415992167581
246, -1.1583332108750128, -0.7246986313770908
247, -1.1929150411751086, -0.7171806890845568
248, -1.1934786672543707, -0.7631837789453388
249, -1.1871617848759206, -0.7831943881612479
250, -1.2149533005942859, -0.7704605088665047
251, -1.203042083620049, -0.7640731599918715
252, -1.2047785289005424, -0.7452843108516849
253, -1.2136920778332727, -0.7937027405400104
254, -1.2134348028985256, -0.7292341157779979
255, -1.2290863738136557, -0.7480156192656706
256, -1.2439686076204353, -0.7790867406615469
257, -1.2391152719067189, -0.8203312171410003
258, -1.2458252472102325, -0.7337967807159875
259, -1.2507267127322879, -0.8088313186960505
260, -1.2546063878079832, -0.8000029060786089
261, -1.2622727778435407, -0.7898813978824747
262, -1.2648745804093986, -0.8094166929739706
263, -1.2585496122072601, -0.7821114254486027
264, -1.255493125760058, -0.7624524680813061
265, -1.2889399591430386, -0.8201567572367645
266, -1.293371502612148, -0.7459661602329306
267, -1.2925105745658885, -0.7522373797907687
268, -1.2877575765371583, -0.7796489256752809
269, -1.2957218010267653, -0.8010162056247991
270, -1.2924163499570003, -0.7944235146931932
271, -1.3090418227803005, -0.80193117309156
272, -1.3157948407302977, -0.781147143992607
273, -1.3078740090200252, -0.8143998821411088
274, -1.3096320085692983, -0.7899383673963758
275, -1.3261870912780285, -0.7703167551135723
276, -1.3194834962158892, -0.7563378898228401
277, -1.3387798611079345, -0.7845612098384698
278, -1.3300835276549634, -0.7655057618859356
279, -1.3357355544711975, -0.8027949730145348
280, -1.3473574059619804, -0.7855947259975455
281, -1.3371143743096878, -0.7504119733346206
282, -1.3582383126040842, -0.7862568981806043
283, -1.3633597680083769, -0.8155542674088936
284, -1.3715344420624191, -0.8090190045450514
285, -1.3615622701879122, -0.7947890107146791
286, -1.3693570795893728, -0.7706225892586058
287, -1.3673529438262921, -0.7961904864913012
288, -1.3873886860633218, -0.8408890068967222
289, -1.3750970886087244, -0.7985889306927263
290, -1.3827438788676496, -0.7955116318609703
291, -1.3954521147404295, -0.7786313897784995
292, -1.3886153966151946, -0.7996660858793588
293, -1.3923383364035322, -0.7790847172067978
294, -1.3924767905083388, -0.7662393655318939
295, -1.4116569005152075, -0.8101924297284884
296, -1.405804991177305, -0.78751412779612
297, -1.4213160887678469, -0.8125516085646407
298, -1.4088046048973217, -0.8101672238659828
299, -1.422440846946115, -0.8137033184192468
300, -1.413234916644673, -0.8160941567199961
301, -1.4259885613766894, -0.7463943491085222
302, -1.4288735811509454, -0.8592626122569599
303, -1.437477420395549, -0.7497766516636972
304, -1.4295624505065103, -0.8116423663838159
305, -1.4558697394835627, -0.7987545701739699
306, -1.443822067072833, -0.7816757541242971
307, -1.4442120815800745, -0.790735806938928
308, -1.4472842373022432, -0.8044484492150754
309, -1.4663234192124561, -0.7955189465907677
310, -1.4584797505370797, -0.803543400080762
311, -1.4652685443493096, -0.8055189561925207
312, -1.4750116906388013, -0.8177572928659373
313, -1.4611890971948411, -0.8061556211476891
314, -1.4791665506347333, -0.7673306807306578
315, -1.4784709344659435, -0.8228775732736585
316, -1.4833929594844386, -0.8290109330219755
317, -1.4857105609822985, -0.8102459395593294
318, -1.4888612157616297, -0.7579919244483656
319, -1.4853253302014728, -0.739969905226512
320, -1.4838076289314701, -0.7434562537040392
321, -1.4915006557630626, -0.800936567019499
322, -1.483922241520713, -0.8264580206358488
323, -1.5027710619244206, -0.7891734135493051
324, -1.5139998946299302, -0.7988135708353087
325, -1.5119791209009525, -0.7729006977347516
326, -1.5150712852287371, -0.8093073809964074
327, -1.5105035192464276, -0.7985788779334836
328, -1.5211681535622348, -0.811283409304375
329, -1.520606555350408, -0.7361295589212027
330, -1.520060738223355, -0.8139382774711453
331, -1.5341856521376578, -0.8264018681942955
332, -1.5351490626399955, -0.795507590626625
333, -1.5379949170115714, -0.8138486880273365
334, -1.5451286301629914, -0.8430543055252748
335, -1.543099777534301, -0.7937893152133543
336, -1.538675264229071, -0.8239397879587168
337, -1.540130284753868, -0.7946570208045592
338, -1.5401130018468885, -0.8538617468804572
339, -1.5487108393468172, -0.8430951118716621
340, -1.5376481264280262, -0.8239265422266911
341, -1.5445391671766586, -0.8228110370392738
342, -1.5425885325587596, -0.789445437632314
343, -1.552021631058967, -0.8212954320904651
344, -1.5603409444047454, -0.7909896541962735
345, -1.5609601540045202, -0.8037337562218412
346, -1.5597932429560706, -0.8000487227036769
347, -1.5760748202864807, -0.8117140507904702
348, -1.565856495736781, -0.8270963426311712
349, -1.578483443286071, -0.8075762895443557
350, -1.5653196378190783, -0.7986385874109004
351, -1.5882136954083488, -0.8106906187457076
352, -1.5797624450600285, -0.8055859143828696
353, -1.5761924515739063, -0.8335319653451478
354, -1.5787448855445783, -0.8399386714385382
355, -1.5915671760891732, -0.7740054025290313
356, -1.5948342420571828, -0.7915532542516006
357, -1.6023962119111264, -0.7962998252559986
358, -1.602029666974788, -0.7906543146136608
359, -1.5960904461299157, -0.8204378184820809
360, -1.6029940807515737, -0.8061019503301106
361, -1.6095509026733954, -0.8013860657879068
362, -1.6061610188237947, -0.7652410856478857
363, -1.620243851132177, -0.7746974653192901
364, -1.6120554535122902, -0.7777318543496718
365, -1.6179889986184324, -0.7828529220575705
366, -1.6087683326635756, -0.8186725360486329
367, -1.6190357821664212, -0.8302439618406952
368, -1.6268907272526643, -0.7979472825866604
369, -1.642569000811197, -0.8140789174711884
370, -1.62752334495957, -0.8285898845174786
371, -1.6320549358822782, -0.8438235524706481
372, -1.6332137371323836, -0.7819265916598411
373, -1.6434895752657475, -0.7820985730772039
374, -1.6413955575776888, -0.8057543273954411
375, -1.6348391703561003, -0.792050989098118
376, -1.6389719643322453, -0.8294445813476166
377, -1.6498047979152342, -0.7908074400894421
378, -1.6467038914188146, -0.819913024331758
379, -1.6542192055053375, -0.7293207868780311
380, -1.653610488167545, -0.8129631899908424
381, -1.6510816977744125, -0.7949541352541729
382, -1.6454868735586785, -0.8135342383724242
383, -1.6456380229406746, -0.8018725265628917
384, -1.6630884954597724, -0.8115291383569349
385, -1.6577836125590393, -0.7704487596265153
386, -1.6677668179659266, -0.8084718869079379
387, -1.6778769467081125, -0.7996709820236036
388, -1.6679255864279532, -0.7807013068870633
389, -1.6791379911114954, -0.7806091016445225
390, -1.6707805011015777, -0.7609090351746954
391, -1.6630178580209463, -0.8415093290807081
392, -1.6682639866289084, -0.8268352199052696
393, -1.675769352055689, -0.7607397210105652
394, -1.6771031969809804, -0.8198439060539164
395, -1.696786892110213, -0.7782970646330389
396, -1.6918279113335488, -0.7917435137792499
397, -1.6795131675380788, -0.8374205422044327
398, -1.6839584145107949, -0.8208350543008021
399, -1.6992340502786383, -0.8114106579660377
400, -1.7013061851843638, -0.8358965075954489
401, -1.695929454934919, -0.8409441028048004
402, -1.7110402296239684, -0.8113885670028634
403, -1.702904246475046, -0.831122495959686
404, -1.7196987830836454, -0.8246932157443577
405, -1.704892476189925, -0.7584356297179756
406, -1.7065265721875793, -0.8069643848164342
407, -1.7146281825047542, -0.781701512528323
408, -1.7138778340764942, -0.8089426366687761
409, -1.710106821399547, -0.8214066028153577
410, -1.7144901233154517, -0.7996094986178617
411, -1.7200318980121876, -0.8147054978572392
412, -1.7412348556204384, -0.8323478179664949
413, -1.7273668356785277, -0.790881604040652
414, -1.7360441879422845, -0.8485347104724342
415, -1.7293766655991278, -0.8435199058633481
416, -1.732578136171369, -0.8356832328824098
417, -1.7203508225184692, -0.8100631136567489
418, -1.7342365659915693, -0.8537441693084296
419, -1.7432399580516131, -0.7980467395977456
420, -1.7354690388578684, -0.8316812240941713
421, -1.7384095200075012, -0.8155220621165757
422, -1.7416218122574134, -0.7977415719375297
423, -1.7493256767985585, -0.8278793914957603
424, -1.7388743903708401, -0.7784265831437014
425, -1.7328955222527245, -0.8591164265317435
426, -1.7477321168000723, -0.8369633879923184
427, -1.7452873887650295, -0.813675295370894
428, -1.7520147205213161, -0.8201881103616531
429, -1.7606024022801892, -0.8169470483125114
430, -1.762274774026165, -0.7964013758705059
431, -1.7527894551259942, -0.7945027741481233
432, -1.7540992184877437, -0.8247905609793102
433, -1.758226793675283, -0.8495538569432077
434, -1.7748325133978882, -0.8566384892944798
435, -1.7496647276762485, -0.8046154724481271
436, -1.7631882618380983, -0.8104729279740914
437, -1.7668713386355768, -0.8124386474900287
438, -1.7660669412775818, -0.8028424825720613
439, -1.7669901991739894, -0.8283225452349141
440, -1.7818013016198695, -0.794995062920108
441, -1.7781364729828903, -0.8058586512819501
442, -1.770090998735066, -0.7995010365131195
443, -1.7783000651872463, -0.7862945218067952
444, -1.7890031565359674, -0.8263811274747783
445, -1.8003524004223943, -0.844257559849702
446, -1.8062813034840683, -0.8078928151689553
447, -1.795322188928318, -0.8079814753816665
448, -1.7989193665910306, -0.7999559102668441
449, -1.7949840132810966, -0.8250555179422786
450, -1.803603899006578, -0.8011711048354666
451, -1.8062053688612647, -0.8035002593461393
452, -1.811024243954993, -0.8178075739154066
453, -1.8007077180171107, -0.8204773245400285
454, -1.805594827755637, -0.8393442349462703
455, -1.8108452347847899, -0.800922817947257
456, -1.8205365047468136, -0.8058308815485393
457, -1.8118580793035026, -0.7962087414384464
458, -1.8039067776245485, -0.8288793824235379
459, -1.8068129068363143, -0.8057860233159436
460, -1.8234376120187594, -0.8416529416090139
461, -1.8264367130972923, -0.7748841800803423
462, -1.816203177296269, -0.794465359947804
463, -1.8173502392684322, -0.8509535325973014
464, -1.8161951507958274, -0.7860435614714215
465, -1.8150051893475831, -0.8273562308633814
466, -1.8281389374698576, -0.8343149162135346
467, -1.827142593142459, -0.8056201625866708
468, -1.8283211614454902, -0.8103854723675209
469, -1.8257822110679578, -0.8389076940518057
470, -1.838328625582136, -0.8110075385452434
471, -1.8308308473750845, -0.7677915044074263
472, -1.8168795784295066, -0.7962225444688936
473, -1.8252323791949936, -0.8563527623157245
474, -1.8266908117434064, -0.8365832005934003
475, -1.8314903465368508, -0.8355851439459993
476, -1.8406480332381465, -0.8600467900145823
477, -1.8584242395045036, -0.8280680893015109
478, -1.8464590965001655, -0.8217431620493925
479, -1.8597945357523944, -0.8267578690914346
480, -1.856929053683846, -0.8239420315754864
481, -1.8551866404953248, -0.8494104906717134
482, -1.8581207466266594, -0.8152834534134284
483, -1.8460297055166361, -0.8491061144109235
484, -1.862768479423699, -0.796921243006561
485, -1.8624616713448159, -0.7843863598919281
486, -1.8492323783685543, -0.8231403317530402
487, -1.8614954111519866, -0.8374808529109998
488, -1.8464879819365796, -0.8089236301578303
489, -1.8517307826371467, -0.8171097323581061
490, -1.8596912225327769, -0.8153525264578697
491, -1.8719595475495798, -0.8049439297259462
492, -1.867097697517387, -0.8175933881413862
493, -1.8641848789310271, -0.8216044386972443
494, -1.8616596829146392, -0.8405163957257598
495, -1.8663370864728233, -0.8094418553130381
496, -1.869747001558702, -0.8132459471606441
497, -1.8792615878998014, -0.7909625391584544
498, -1.8845140329138508, -0.8084048986227647
499, -1.8851555167242164, -0.8558315532135852
500, -1.884126951670259, -0.8356327007946205
501, -1.88388030580215, -0.8008200001440227
502, -1.8839363733072139, -0.811911800013339
503, -1.8874837046360593, -0.7943791744109175
504, -1.8907094933751245, -0.7818171309912679
505, -1.9085151904272202, -0.8359248042933748
506, -1.8767412413873896, -0.8556600135131551
507, -1.8856967178374202, -0.7728019642883801
508, -1.8971958652303629, -0.8094674781646716
509, -1.8951166461387419, -0.7895420495677004
510, -1.8927686492708546, -0.8486780162581716
511, -1.8965416846310508, -0.8326076996186026
512, -1.9011888112126074, -0.8369029268303376
513, -1.900225265780618, -0.8101679762586066
514, -1.8973691685151337, -0.8243094075246631
515, -1.9104290300856184, -0.8296998452934522
516, -1.911449317782024, -0.8011037185269216
517, -1.9061786824665294, -0.834115137135348
518, -1.8945921420813752, -0.8572997674462024
519, -1.9040472624326938, -0.8278578399592422
520, -1.898255090967685, -0.856907785997922
521, -1.9252033702096645, -0.8351693209934616
522, -1.91268155264294, -0.778504724716449
523, -1.9144918875625185, -0.8152135878787249
524, -1.913349753901542, -0.8001650418724425
525, -1.9148816124155552, -0.8229632332407076
526, -1.9252706877344987, -0.8071535899868495
527, -1.8891302788114543, -0.8362623779189715
528, -1.8921130533063253, -0.8028204532728568
529, -1.9045375391656714, -0.8389169386296933
530, -1.9160644247963539, -0.8543728673628458
531, -1.9109910169645064, -0.8384350537784336
532, -1.9249547569638759, -0.7648217420628061
533, -1.9076140291787163, -0.8112570924293196
534, -1.9088942410603138, -0.76683542673315
535, -1.9127756424613025, -0.846637018141261
536, -1.9186248028064474, -0.7972995202390606
537, -1.9223845696629138, -0.7964799845750152
538, -1.9420178964755537, -0.8027192397173418
539, -1.931260726974577, -0.856459841403514
540, -1.935046407159781, -0.813454840234505
541, -1.9374516725888098, -0.8364947675304578
542, -1.9404424259913144, -0.8011978821281621
543, -1.9367585179757167, -0.7910444093375255
544, -1.9340437822620076, -0.7943520887567777
545, -1.9469577672842624, -0.791829859015917
546, -1.9462217323859963, -0.8202331550335331
547, -1.9472015749974516, -0.8122299485203404
548, -1.9445084294524455, -0.7984524446731994
549, -1.9515934565262796, -0.8043445872184863
550, -1.9483695160893202, -0.8099838043615315
551, -1.9521169821713036, -0.784443282801703
552, -1.9474631159134226, -0.8447470387336206
553, -1.9309195033596873, -0.7159327402183309
554, -1.954702938796612, -0.7732173408289922
555, -1.9512642638820739, -0.8105938305752716
556, -1.961840396511679, -0.8092409728032721
557, -1.9489037659239818, -0.7857786383028661
558, -1.9557279870210726, -0.7866446846361492
559, -1.9640640505009976, -0.8113031899162826
560, -1.9827559204710097, -0.8170667941572992
561, -1.9767828989713008, -0.7803479792293995
562, -1.9515038098121367, -0.7124218147672319
563, -1.9477521764066095, -0.7763180752734502
564, -1.9569405438406495, -0.7348853627265086
565, -1.9526503156111732, -0.7749179020954047
566, -1.971535659771547, -0.8084241322376087
567, -1.9736315824022859, -0.8308463602721297
568, -1.9693602390876148, -0.8060841857566504
569, -1.9686733629824693, -0.8116258416394471
570, -1.9672398057022684, -0.831848644466875
571, -1.9666569846005755, -0.8217198523989488
572, -1.952309340202935, -0.8196854927298621
573, -1.9744105781022785, -0.8308083105504431
574, -1.970082294090151, -0.7992295309606707
575, -1.9839974090072028, -0.8385298619596945
576, -1.9868098449373486, -0.8012445620905317
577, -1.990295077511933, -0.8086895764928654
578, -1.974175859879217, -0.8189396715427744
579, -1.9828363158512021, -0.813472445571747
580, -1.9867653133801617, -0.7967396442466572
581, -1.9782048509147148, -0.8011638989958144
582, -1.9919016033081884, -0.8142386739657196
583, -1.9980936535639666, -0.8212754483960059
584, -1.995680645455729, -0.8088380278069907
585, -1.9931575674749782, -0.8391701021645153
586, -1.9969362360567295, -0.8076068721031345
587, -1.9870074474937258, -0.8292638892388784
588, -1.9889528656530284, -0.8358695875268275
589, -1.9924387929870395, -0.8010506683766112
590, -1.994963923420032, -0.7761857437747631
591, -1.981662459535499, -0.8122905146630686
592, -1.9490068320435996, -0.721061189019045
593, -1.9814179772003662, -0.7535369922078039
594, -1.990116532386433, -0.8030396452274633
595, -1.9879715922264944, -0.8170715507024013
596, -2.0012272809859195, -0.8246623136275046
597, -2.0049730798658123, -0.7755325638529114
598, -2.0046996649405977, -0.8457808724163315
599, -2.005083312510681, -0.8490149573922185
600, -2.0045086425074325, -0.86327878890699
601, -1.9992733032143288, -0.8245586887326362
602, -1.9969819835471698, -0.7993757208485837
603, -1.9993258397352067, -0.8593972364857412
604, -2.0094099776729943, -0.7719347348474217
605, -2.005211993570826, -0.8201742941763738
606, -2.0105971049361218, -0.8195212859102172
607, -2.0060144084645666, -0.8162377432742998
608, -2.0029304587093937, -0.8398294574385154
609, -2.0156201477689133, -0.8147622702993998
610, -2.021274866286718, -0.8594187259253706
611, -2.0154178920664703, -0.8431614923741693
612, -2.0135000405354706, -0.8004006754780651
613, -2.0023445172503904, -0.793353638611692
614, -2.0016461971237587, -0.8147101441324456
615, -2.0120393274542456, -0.8551203956364177
616, -2.025902984352343, -0.8427210094119953
617, -2.0361995015874577, -0.8077982281919084
618, -2.0382604294819773, -0.8136745368774256
619, -2.035628889607111, -0.8172499587604968
620, -2.027586583427788, -0.829756207160002
621, -2.0203336078700374, -0.811854056156805
622, -2.005936863856403, -0.8159052948825859
623, -2.032537943722027, -0.8116886306240856
624, -2.0312668734940904, -0.8032352519223065
625, -2.016642045364037, -0.7981824069040736
626, -2.026404426238154, -0.819508473213146
627, -2.0320190980102404, -0.8150005082142893
628, -2.02854617298736, -0.7810834193644858
629, -2.0439124299409848, -0.8132583659310065
630, -2.040932144633935, -0.8235168575569433
631, -2.0375552256913263, -0.8392140757229646
632, -2.041597051992241, -0.8004352120379832
633, -2.018635997079409, -0.8240326057074293
634, -2.0412781039018943, -0.7774295025013113
635, -2.048780168752239, -0.7897346600030005
636, -2.0443396482682026, -0.7971027149287946
637, -2.0397602628888976, -0.810222360977608
638, -2.0421814483409637, -0.8263764414242843
639, -2.0259317501625866, -0.799574742109636
640, -2.023740152593565, -0.7960187818292352
641, -2.045851490886172, -0.7770851778932847
642, -2.0366714332684728, -0.8707001503147522
643, -2.03263386015584, -0.7245723411638345
644, -2.0479137254676365, -0.8229723167706965
645, -2.048138341933747, -0.7770732093278901
646, -2.0287588726473333, -0.8337290049937046
647, -2.043715796476874, -0.8346772446680994
648, -2.049560745712138, -0.7845238148719539
649, -2.0427947068670274, -0.7861693992601809
650, -2.049212476636881, -0.778933762941934
651, -2.0657701651704454, -0.794926367988611
652, -2.0619820508083513, -0.8014272354342422
653, -2.0550504204431963, -0.8112733098054765
654, -2.056003653737552, -0.772389321993656
655, -2.066800595190507, -0.7596066286891044
656, -2.0592899378366463, -0.798494883404898
657, -2.0574484488916247, -0.8170216945059066
658, -2.0338913200029056, -0.7867981454664668
659, -2.0630981769883454, -0.7900552421206106
660, -2.06282483600546, -0.8046447741534153
661, -2.0694247653186655, -0.811817047053674
662, -2.0525209289362034, -0.8076858731621236
663, -2.064822840140134, -0.7951821926483724
664, -2.0737042324089203, -0.7931463940677362
665, -2.063487772377206, -0.7912159187932752
666, -2.0699912132959835, -0.8034876637185349
667, -2.070216753846852, -0.8216473557926023
668, -2.055824190990617, -0.8070746026796942
669, -2.0636059460272427, -0.8271138143469252
670, -2.0744985970448773, -0.8104400934601721
671, -2.0642002511838995, -0.8240313541972052
672, -2.0676724077869086, -0.8251712900488831
673, -2.0788275871406707, -0.8417550180541438
674, -2.0695164638071915, -0.8296150320656199
675, -2.0829034494373353, -0.8173354081919435
676, -2.0712645685816944, -0.8123629363122814
677, -2.0845729985181007, -0.8097830051759323
678, -2.0854800348634464, -0.828426461894451
679, -2.0702371985059376, -0.8003489370850192
680, -2.0616716021298163, -0.7997767930256536
681, -2.0548756651423496, -0.8316278177906485
682, -2.0848482346959254, -0.817276131439649
683, -2.0902888664969765, -0.7749051837707497
684, -2.0803564170189217, -0.8050451674289623
685, -2.072954472366633, -0.8302663325869284
686, -2.070381574701372, -0.8280602924072253
687, -2.0698817412103483, -0.8233646826974237
688, -2.0747227440331995, -0.810077322331044
689, -2.0791826794854864, -0.823771420337213
690, -2.0662122391609357, -0.7750977328168025
691, -2.0775435491843948, -0.7875842791226413
692, -2.0958323104599863, -0.8498877226889017
693, -2.0777787075964986, -0.8308431601095371
694, -2.089075003713312, -0.816818040008263
695, -2.0659922053133335, -0.8283683980110825
696, -2.0594517295380226, -0.8303157624506655
697, -2.091965711397313, -0.8421052538177103
698, -2.0948014189733644, -0.8405965951516573
699, -2.090249830088643, -0.8445400512307483
700, -2.0853950458530424, -0.7988123492082637
701, -2.087088256762326, -0.776770115638132
702, -2.0851214312031043, -0.7975471241928942
703, -2.1033381206735986, -0.7908703686874357
704, -2.1037733140970274, -0.8061495745666527
705, -2.0992025421882468, -0.8084805890656147
706, -2.100425461626623, -0.8076137700974665
707, -2.046409821991096, -0.8000552975000993
708, -2.0699326727064236, -0.8134456166704679
709, -2.082091084299983, -0.803493549865052
710, -2.0825723531388114, -0.8083879554296733
711, -2.0956354133517783, -0.8476601915278414
712, -2.1141920254510636, -0.8288279776566218
713, -2.0949226414828197, -0.7932745885796091
714, -2.1031136868039035, -0.7287107790788476
715, -2.074474877949156, -0.771482381942255
716, -2.0882603405155065, -0.7938338368506079
717, -2.109654440213015, -0.8061044763541099
718, -2.0934332336933976, -0.8109733235163178
719, -2.117702146248774, -0.7950614272146069
720, -2.121505501048739, -0.8260542665534045
721, -2.111127122110311, -0.8417066512346718
722, -2.1108595999501203, -0.8144837171601231
723, -2.11627620473887, -0.8367998066236936
724, -2.116170383751922, -0.8368212287206159
725, -2.1073263685585744, -0.8191925462855737
726, -2.096101505568003, -0.8291241403333622
727, -2.1080432353711123, -0.8282204399540642
728, -2.118086523081193, -0.8182016436687239
729, -2.1190680297372757, -0.7796265224785419
730, -2.1186234369559283, -0.800881082358367
731, -2.081127657173811, -0.7983715662251882
732, -2.098709097660465, -0.8050215803638388
733, -2.110311831038211, -0.8175051246649802
734, -2.1057227298319297, -0.8121641417669433
735, -2.1207538257846763, -0.8215655594703346
736, -2.1106596078360123, -0.7962111700923518
737, -2.121042025336486, -0.8017586600827533
738, -2.1345375082539273, -0.8167008238377133
739, -2.115851913534827, -0.8370178547011647
740, -2.1202889635820155, -0.8389999700118754
741, -2.1276283586322586, -0.8061058428978074
742, -2.1284544740538167, -0.7818172093074649
743, -2.117622039839821, -0.8366832480456393
744, -2.1148293488789496, -0.8321652985482667
745, -2.1373818637142383, -0.7918966230640733
746, -2.121869028656543, -0.8151069081453771
747, -2.1256510054550453, -0.8003676537383922
748, -2.124197422797062, -0.8115099763858078
749, -2.115504018836423, -0.8032678341780777
750, -2.1117058416252155, -0.8331265637936691
751, -2.1358620603526304, -0.8060356164015481
752, -2.114836172061178, -0.8572529923686159
753, -2.113982763054939, -0.8451256547488908
754, -2.121483778783375, -0.8357766884093127
755, -2.1302091622204804, -0.8207978716273924
756, -2.114712133337912, -0.804958674018585
757, -2.1255847038874967, -0.8171369584808992
758, -2.1487788782204817, -0.8466483836042897
759, -2.1240481311922723, -0.8385406156297026
760, -2.1157100824431208, -0.8097781189803372
761, -2.133469382606884, -0.8113859681398934
762, -2.135931664404691, -0.8322357023734588
763, -2.1330996725669573, -0.8389159114446546
764, -2.1291563265311275, -0.8012025908442005
765, -2.1218808364287898, -0.7987248082166121
766, -2.097126993234775, -0.8118358449341556
767, -2.1145360270805904, -0.7997607544518064
768, -2.1283439319260222, -0.7950117741411473
769, -2.1168608783244456, -0.8084894995895618
770, -2.117148438612478, -0.8084636429194015
771, -2.127221947765893, -0.8501717930109598
772, -2.1365684631729636, -0.8242364342141382
773, -2.1416536485745246, -0.838754182439734
774, -2.1557935001500326, -0.7585562398293203
775, -2.1421264225310863, -0.8300813598342054
776, -2.128897658855082, -0.8100794536722831
777, -2.143740451497201, -0.8082034131871147
778, -2.1441240140559255, -0.8102086491996203
779, -2.1534306460253556, -0.838085758315193
780, -2.156669279282163, -0.8207211602951328
781, -2.1356058631247383, -0.8508323788731216
782, -2.1446987239214357, -0.8137075325678839
783, -2.1268192478807175, -0.8183510401430515
784, -2.150318801710822, -0.840475606842279
785, -2.1410590244003074, -0.7214722501652758
786, -2.113158214594714, -0.7177159483267366
787, -2.107903827519204, -0.7855037665932368
788, -2.1198426134487507, -0.7803363496809439
789, -2.1524306984721613, -0.8201494860304587
790, -2.1616710846205485, -0.8036985445464909
791, -2.1606043762002156, -0.7977576579805151
792, -2.148014926059196, -0.7938356484062603
793, -2.1370610177269094, -0.7823309932904958
794, -2.1429571675542074, -0.7777247943588514
795, -2.153295426925475, -0.7904192755424893
796, -2.153436606192201, -0.826717136244528
797, -2.1452450914106054, -0.806336809140834
798, -2.1455016403010503, -0.7538383172507804
799, -2.156531975239392, -0.8266135843219229
800, -2.1483585410870294, -0.8020577617541746
801, -2.148290814985027, -0.8235104781573366
802, -2.1420544442401233, -0.8093363334751652
803, -2.1636923883644275, -0.820531089369184
804, -2.160260356495372, -0.8138765114760185
805, -2.166987305280034, -0.8200192665088155
806, -2.1634807051659477, -0.8026820148422747
807, -2.1420787629284477, -0.7237958751685096
808, -1.9748131003490115, -0.8248107935447776
809, -2.0748209978938084, -0.8333959957114635
810, -2.1095460561534574, -0.7797860973993698
811, -2.121484340552414, -0.8225763049569726
812, -2.1535105536153134, -0.8107000350886926
813, -2.1666457631111475, -0.794562409692719
814, -2.1699760808367756, -0.8024130305433568
815, -2.158677816740652, -0.8233061714144847
816, -2.153420568634634, -0.7873615639784913
817, -2.1487570014300994, -0.8281578725667905
818, -2.1565319462401664, -0.7813785860305151
819, -2.165915861256448, -0.8171065044130437
820, -2.175145913460204, -0.8364124801065458
821, -2.1469393854922574, -0.8123834383691269
822, -2.1645886600666917, -0.7985805465940121
823, -2.17345546660011, -0.8250024876651417
824, -2.174341831608249, -0.8252270672245727
825, -2.175524988186413, -0.8115860002982231
826, -2.1666154880350827, -0.8591133386316392
827, -2.1765483358763413, -0.816361194459024
828, -2.1736088445593085, -0.8276222795683065
829, -2.1621530993543807, -0.8266430626278528
830, -2.174074014035227, -0.8125775836806092
831, -2.175225589195735, -0.819725528623375
832, -2.1751629250609126, -0.7993076341036289
833, -2.1873399364867963, -0.8197871065018285
834, -2.184692354017372, -0.8002246430112616
835, -2.1893148939778477, -0.8060457190424921
836, -2.197164021785561, -0.7915645072854359
837, -2.176600995554963, -0.810892005586568
838, -2.1880373033605047, -0.789804891763565
839, -2.1692962283607553, -0.7964700615169777
840, -2.1690620666927805, -0.8175680892128432
841, -2.1646028405630733, -0.8199786049637942
842, -2.1535663392672206, -0.8489760591933563
843, -2.179273413877858, -0.8279093041884233
844, -2.1678365634237426, -0.8169315092509162
845, -2.155374911839917, -0.8265989978589975
846, -2.174736504231966, -0.8121718683993657
847, -2.1597212764552762, -0.8086431724318536
848, -2.1888702634469728, -0.8089794433082708
849, -2.1723181323812084, -0.8170871372464864
850, -2.1783794680369, -0.8108490078718229
851, -2.1724667470702843, -0.8309921022531267
852, -2.189223273796058, -0.8301244664141476
853, -2.1961260243277745, -0.8164075401064121
854, -2.1667465765191016, -0.8616289117839797
855, -2.174102428029599, -0.784728916011504
856, -2.185258805096263, -0.8104828833872137
857, -2.1945591044664288, -0.8211556941475371
858, -2.18327912642958, -0.8354909763642558
859, -2.189708768142798, -0.8027037495086499
860, -2.1839478191093287, -0.788903231435677
861, -2.1757313198737878, -0.8092738419211415
862, -2.1798577435659476, -0.7933854476435115
863, -2.1953746471056355, -0.8096211635345872
864, -2.1972617918107504, -0.8268021237102424
865, -2.1842105467713506, -0.8092268331739221
866, -2.1910761586603997, -0.7862406786952769
867, -2.1920529191892477, -0.8219510725012457
868, -2.187675410166991, -0.8201317790137275
869, -2.1863719051924435, -0.8192003989803922
870, -2.1981467990790544, -0.7894962917311603
871, -2.1794659732606285, -0.7681554386010849
872, -2.187511160121088, -0.8003233562389811
873, -2.1859322308879516, -0.8095051222944232
874, -2.1868162537748495, -0.8162141338412753
875, -2.1929266708135793, -0.8345123999077845
876, -2.203519448824448, -0.844847400278001
877, -2.1889190646062744, -0.8293729683007138
878, -2.1819533389024452, -0.8291344889448953
879, -2.1957086436370576, -0.8082298785702445
880, -2.200541207266061, -0.8240400716881799
881, -2.1946727849191077, -0.8279776713522431
882, -2.196924466813759, -0.8240091297025348
883, -2.1858204429246855, -0.8231808166326056
884, -2.1957499986520315, -0.8544244707204527
885, -2.206251504197012, -0.8575960955695949
886, -2.1937915987435237, -0.8210381587177854
887, -2.206164173225391, -0.850133661810544
888, -2.199728566322611, -0.8398223863311274
889, -2.215438347443102, -0.8378106847126697
890, -2.1979584429109913, -0.8106224505117967
891, -2.1884309875114565, -0.8140274214995168
892, -2.1864673685361575, -0.8413266916430578
893, -2.202108319635845, -0.8282058429955902
894, -2.198251558285522, -0.8330678240878626
895, -2.1788893753981715, -0.8196976270185744
896, -2.187050482662673, -0.8399909158779457
897, -2.203876877923495, -0.8251151739293286
898, -2.201154017364691, -0.8240526735190921
899, -2.196885609287643, -0.8349464900310558
900, -2.204145701126948, -0.8317886275392912
901, -2.215019217202984, -0.8193002771600724
902, -2.2138673170552767, -0.8168409606980918
903, -2.2027508597347354, -0.83647527115124
904, -2.18495091949941, -0.8076461422693599
905, -2.1887073098067873, -0.8746795743069973
906, -2.202979031361254, -0.8153361137413019
907, -2.200172916176743, -0.8299531594571635
908, -2.192203753307615, -0.8118937542334128
909, -2.1914758456022687, -0.8246384146170402
910, -2.177178149701484, -0.8107792241482077
911, -2.204111369185383, -0.852238950866453
912, -2.2136345117323417, -0.8432196287428881
913, -2.1966496745962334, -0.8401602274609831
914, -2.2001389930349293, -0.8469296144134186
915, -2.2018141354725023, -0.8213664974400461
916, -2.206688878358052, -0.8477713472930051
917, -2.206998631477095, -0.7810837321005647
918, -2.209958572157542, -0.857530874844419
919, -2.2071105655220635, -0.8146998379164188
920, -2.2088678559185464, -0.8033464201299354
921, -2.2142373097413204, -0.8040805480792766
922, -2.223317356171591, -0.8113429634074115
923, -2.2119509303994342, -0.8121452876811164
924, -2.2057958272259595, -0.8466635228630064
925, -2.212504152849084, -0.7896702210878057
926, -2.2207031188250483, -0.8417292607037901
927, -2.1984535192846018, -0.8012125816803515
928, -2.156253497966564, -0.7932024669734399
929, -2.2064009764924246, -0.8570056899974595
930, -2.1871155703966725, -0.8208721544725678
931, -2.2034234259533467, -0.8395879413880168
932, -2.214451716002071, -0.8413448800738994
933, -2.171040539859592, -0.8045311688500636
934, -2.1828021799993014, -0.6953838478680926
935, -2.161230906710742, -0.7776355458000028
936, -2.1763244061651523, -0.7814745936212402
937, -2.1777819565310663, -0.7534335769108294
938, -2.151629533169877, -0.831119513089583
939, -2.086083758032019, -0.8255558610521779
940, -2.1727411907576206, -0.8379397555530559
941, -2.179777886607031, -0.8143979827435729
942, -2.1949150289073116, -0.7823011597252079
943, -2.192797620716813, -0.7463879249601423
944, -2.2129509768584446, -0.7681783203183811
945, -2.2172333317635067, -0.7884872981188209
946, -2.231010698229351, -0.7926297788164167
947, -2.2412406957265114, -0.7987200855764058
948, -2.2253096133899586, -0.8089970348990617
949, -2.2203357407699476, -0.807125654315657
950, -2.2311380523937814, -0.7741551148392956
951, -2.2191142019011605, -0.7901766990634946
952, -2.2116853992975876, -0.8165519938604341
953, -2.227803040324991, -0.8028363175436389
954, -2.227641373322514, -0.7987966312468271
955, -2.218287984850896, -0.8031462802591804
956, -2.225343352232305, -0.811411831710889
957, -2.2273352865130223, -0.8340422640649363
958, -2.2202964776265715, -0.8154181835274852
959, -2.208666585868476, -0.811403867075954
960, -2.223250465640605, -0.814320030193775
961, -2.230970010610312, -0.8070195732469817
962, -2.241642108066538, -0.8204290446015486
963, -2.212474365527428, -0.8222283554039023
964, -2.23628779169065, -0.8100032751653261
965, -2.1976667047994782, -0.789207108517285
966, -2.2157289152810993, -0.79993717052301
967, -2.2321098100162993, -0.7651721907194801
968, -2.2325051124128645, -0.8439518476867405
969, -2.233968951154702, -0.8229801520060525
970, -2.229998599134933, -0.7949879184638585
971, -2.234312494195171, -0.8283306955172021
972, -2.2396399051066798, -0.7683474091777149
973, -2.2301834100948232, -0.7799811740799987
974, -2.230153896897401, -0.8169339716880859
975, -2.244280281833877, -0.7816825654685744
976, -2.23757821056069, -0.8183099808026602
977, -2.2195001922152398, -0.7959540105981284
978, -2.2300955635549933, -0.7741268378778691
979, -2.2259749185843787, -0.7694757448064522
980, -2.240033478252867, -0.8067043466751314
981, -2.249572719680551, -0.79142132316784
982, -2.24181807209704, -0.8089489723572743
983, -2.2339055633942406, -0.8177356848632525
984, -2.215527596797554, -0.7943110201318111
985, -2.224612930163922, -0.7965829142348424
986, -2.244697481752087, -0.8143413001024684
987, -2.2402350226057313, -0.8752030866448085
988, -2.2409307225575383, -0.8268704905426867
989, -2.234672312879564, -0.8198415552855159
990, -2.234160834358084, -0.8177642263702186
991, -2.2524545569846617, -0.8203256545617404
992, -2.2306317487674963, -0.817753507134246
993, -2.229210977654569, -0.8274350801708079
994, -2.2466839680979676, -0.8379502718161016
995, -2.2414542965339095, -0.8137022227472992
996, -2.2464120648366523, -0.853614519633086
997, -2.2391067282708623, -0.8361860814340607
998, -2.249200634148888, -0.8279557230133336
999, -2.2496587746014813, -0.8291992061084777
